{
	"code": 0,
	"msg": "获取成功!",
	"data": [{
		"id": 1,
		"username": "admin",
		"realname": "员工a",
		"zhiwei": "总经理",
		"name": "管理部门",
		"phone": "13429806016",
		"status": 1,
		"create_time": "2019-03-08 01:38:49",
		"last_login_ip": "::1",
		"login_num": 40,
		"last_login_time": "2019-03-11 18:03:41",
		"online_state": 1,
		"title": "超级管理员"
	}, {
		"id": 9,
		"username": "Fitz",
		"realname": "员工b",
		"zhiwei": "CTO",
		"name": "IT部门",
		"phone": "13429806015",
		"status": 1,
		"create_time": "2019-03-08 23:58:26",
		"last_login_ip": "::1",
		"login_num": 2,
		"last_login_time": "2019-03-09 21:56:59",
		"online_state": 0,
		"title": "超级管理员"
	}, {
		"id": 17,
		"username": "test",
		"realname": "测试账号",
		"zhiwei": "财务总监",
		"name": "财务部门",
		"phone": "13229806016",
		"status": 1,
		"create_time": "2019-03-09 17:43:46",
		"last_login_ip": "::1",
		"login_num": 3,
		"last_login_time": "2019-03-10 01:23:36",
		"online_state": 0,
		"title": "财务总监"
	}, {
		"id": 19,
		"username": "test2",
		"realname": "测试2号",
		"zhiwei": "副总经理",
		"name": "管理部门",
		"phone": "13429806018",
		"status": 1,
		"create_time": "2019-03-09 17:54:17",
		"last_login_ip": "::1",
		"login_num": 4,
		"last_login_time": "2019-03-10 01:35:20",
		"online_state": 0,
		"title": "副总经理"
	}, {
		"id": 20,
		"username": "xiaozhang",
		"realname": "员工g",
		"zhiwei": "教学总监",
		"name": "教学部",
		"phone": "13329806016",
		"status": 1,
		"create_time": "2019-03-10 15:32:01",
		"last_login_ip": "::1",
		"login_num": 1,
		"last_login_time": "2019-03-10 15:35:19",
		"online_state": 1,
		"title": "教学总监"
	}, {
		"id": 21,
		"username": "xiaoli",
		"realname": "李四",
		"zhiwei": "市场总监",
		"name": "市场部门",
		"phone": "13329806018",
		"status": 1,
		"create_time": "2019-03-10 15:58:43",
		"last_login_ip": "::1",
		"login_num": 1,
		"last_login_time": "2019-03-10 15:59:15",
		"online_state": 1,
		"title": "市场总监"
	}, {
		"id": 20,
		"username": "zss",
		"realname": "张三三",
		"zhiwei": "销售经理",
		"name": "销售部门",
		"phone": "13329806016",
		"status": 1,
		"create_time": "2019-03-10 15:32:01",
		"last_login_ip": "::1",
		"login_num": 1,
		"last_login_time": "2019-03-10 15:35:19",
		"online_state": 1,
		"title": "销售部职员"
	}, {
		"id": 21,
		"username": "ygf",
		"realname": "员工f",
		"zhiwei": "销售员",
		"name": "销售部门",
		"phone": "13329806018",
		"status": 1,
		"create_time": "2019-03-10 15:58:43",
		"last_login_ip": "::1",
		"login_num": 1,
		"last_login_time": "2019-03-10 15:59:15",
		"online_state": 1,
		"title": "销售职员"
	}, {
		"id": 20,
		"username": "ygd",
		"realname": "员工d",
		"zhiwei": "客服职员",
		"name": "客服部门",
		"phone": "13329806016",
		"status": 1,
		"create_time": "2019-03-10 15:32:01",
		"last_login_ip": "::1",
		"login_num": 1,
		"last_login_time": "2019-03-10 15:35:19",
		"online_state": 1,
		"title": "客服职员"
	}, {
		"id": 21,
		"username": "yge",
		"realname": "员工e",
		"zhiwei": "客服主管",
		"name": "客服部门",
		"phone": "13329806018",
		"status": 1,
		"create_time": "2019-03-10 15:58:43",
		"last_login_ip": "::1",
		"login_num": 1,
		"last_login_time": "2019-03-10 15:59:15",
		"online_state": 1,
		"title": "客服主管"
	}],
	"count": 6,
	"rel": 1
}